,Time,event,Ask Price 1,Bid Price 1,Ask Price 2,Bid Price 2,BidDiff,AskDiff,BidDiff2,AskDiff2,Date
0,1.1296731356802003,lo_inspread_Ask,45.01,44.97,45.02,44.96,,,,,1
1,1.1296745637782697,lo_inspread_Ask,45.0,44.97,45.01,44.96,0.0,-0.00999999999999801,0.0,-0.010000000000005116,1
2,1.1297173295946776,lo_inspread_Ask,44.99,44.97,45.0,44.96,0.0,-0.00999999999999801,0.0,-0.00999999999999801,1
3,1.129729956993454,lo_inspread_Ask,44.98,44.97,44.99,44.96,0.0,-0.010000000000005116,0.0,-0.00999999999999801,1
4,1.1297475288592447,mo_Ask,44.98,44.97,44.99,44.96,0.0,0.0,0.0,0.0,1
5,1.1297584881032043,mo_Ask,44.98,44.97,44.99,44.96,0.0,0.0,0.0,0.0,1
6,1.1298409765378068,mo_Ask,44.98,44.97,44.99,44.96,0.0,0.0,0.0,0.0,1
7,1.130033808745674,mo_Ask,44.98,44.97,44.99,44.96,0.0,0.0,0.0,0.0,1
8,1.1307431336489233,mo_Ask,44.98,44.97,44.99,44.96,0.0,0.0,0.0,0.0,1
9,4.459890285850523,lo_deep_Bid,44.98,44.97,44.99,44.96,0.0,0.0,0.0,0.0,1
10,4.459939607724334,lo_deep_Bid,44.98,44.97,44.99,44.96,0.0,0.0,0.0,0.0,1
11,4.460082029868396,lo_deep_Bid,44.98,44.97,44.99,44.96,0.0,0.0,0.0,0.0,1
12,4.463237684834121,lo_deep_Bid,44.98,44.97,44.99,44.96,0.0,0.0,0.0,0.0,1
13,4.46407605241291,lo_deep_Bid,44.98,44.97,44.99,44.96,0.0,0.0,0.0,0.0,1
14,4.464437356989113,lo_deep_Bid,44.98,44.97,44.99,44.96,0.0,0.0,0.0,0.0,1
15,4.464486561626099,lo_deep_Bid,44.98,44.97,44.99,44.96,0.0,0.0,0.0,0.0,1
16,4.466956202300106,lo_deep_Bid,44.98,44.97,44.99,44.96,0.0,0.0,0.0,0.0,1
17,4.4674775482540685,lo_deep_Bid,44.98,44.97,44.99,44.96,0.0,0.0,0.0,0.0,1
18,4.4676784074425475,lo_deep_Bid,44.98,44.97,44.99,44.96,0.0,0.0,0.0,0.0,1
19,5.432285102830609,lo_deep_Bid,44.98,44.97,44.99,44.96,0.0,0.0,0.0,0.0,1
20,5.432958340904358,lo_deep_Bid,44.98,44.97,44.99,44.96,0.0,0.0,0.0,0.0,1
21,5.433761989596085,lo_deep_Bid,44.98,44.97,44.99,44.96,0.0,0.0,0.0,0.0,1
22,7.940308655871526,co_deep_Bid,44.98,44.97,44.99,44.96,0.0,0.0,0.0,0.0,1
23,7.940347955195988,co_deep_Bid,44.98,44.97,44.99,44.96,0.0,0.0,0.0,0.0,1
24,7.940387480726992,co_deep_Bid,44.98,44.97,44.99,44.96,0.0,0.0,0.0,0.0,1
25,7.9405632028901865,co_deep_Bid,44.98,44.97,44.99,44.96,0.0,0.0,0.0,0.0,1
26,7.940640297680769,co_deep_Bid,44.98,44.97,44.99,44.96,0.0,0.0,0.0,0.0,1
27,7.941076289929193,lo_top_Bid,44.98,44.97,44.99,44.96,0.0,0.0,0.0,0.0,1
28,7.94224021379077,lo_top_Bid,44.98,44.97,44.99,44.96,0.0,0.0,0.0,0.0,1
29,7.943031326535434,lo_top_Bid,44.98,44.97,44.99,44.96,0.0,0.0,0.0,0.0,1
30,7.943553228500374,lo_top_Bid,44.98,44.97,44.99,44.96,0.0,0.0,0.0,0.0,1
31,7.943588056267265,co_top_Bid,44.98,44.97,44.99,44.96,0.0,0.0,0.0,0.0,1
32,7.943590504032443,co_top_Bid,44.98,44.97,44.99,44.96,0.0,0.0,0.0,0.0,1
33,7.944225438267545,lo_top_Bid,44.98,44.97,44.99,44.96,0.0,0.0,0.0,0.0,1
34,7.9442558252500906,lo_top_Bid,44.98,44.97,44.99,44.96,0.0,0.0,0.0,0.0,1
35,7.944564409524436,co_top_Bid,44.98,44.97,44.99,44.96,0.0,0.0,0.0,0.0,1
36,7.944909674600386,co_top_Bid,44.98,44.97,44.99,44.96,0.0,0.0,0.0,0.0,1
37,7.94497926955193,co_top_Bid,44.98,44.97,44.99,44.96,0.0,0.0,0.0,0.0,1
38,7.945118260253097,lo_top_Bid,44.98,44.97,44.99,44.96,0.0,0.0,0.0,0.0,1
39,7.9451740183187445,lo_top_Bid,44.98,44.97,44.99,44.96,0.0,0.0,0.0,0.0,1
40,7.945175078050269,lo_top_Bid,44.98,44.97,44.99,44.96,0.0,0.0,0.0,0.0,1
41,7.945287846676552,lo_top_Bid,44.98,44.97,44.99,44.96,0.0,0.0,0.0,0.0,1
42,7.945412190748753,lo_top_Bid,44.98,44.97,44.99,44.96,0.0,0.0,0.0,0.0,1
43,7.945547843469951,co_top_Bid,44.98,44.97,44.99,44.96,0.0,0.0,0.0,0.0,1
44,7.945660005982471,lo_top_Bid,44.98,44.97,44.99,44.96,0.0,0.0,0.0,0.0,1
45,7.945660374549567,co_top_Bid,44.98,44.97,44.99,44.96,0.0,0.0,0.0,0.0,1
46,7.945778665272847,co_top_Bid,44.98,44.97,44.99,44.96,0.0,0.0,0.0,0.0,1
47,7.945903348718309,lo_top_Bid,44.98,44.97,44.99,44.96,0.0,0.0,0.0,0.0,1
48,7.9461359422506685,lo_top_Bid,44.98,44.97,44.99,44.96,0.0,0.0,0.0,0.0,1
49,7.946173026952531,co_top_Bid,44.98,44.97,44.99,44.96,0.0,0.0,0.0,0.0,1
50,7.946190028936122,co_top_Bid,44.98,44.97,44.99,44.96,0.0,0.0,0.0,0.0,1
51,7.9462657450788745,lo_top_Bid,44.98,44.97,44.99,44.96,0.0,0.0,0.0,0.0,1
52,7.9464015495882885,co_top_Bid,44.98,44.97,44.99,44.96,0.0,0.0,0.0,0.0,1
53,7.946849808233412,mo_Bid,44.98,44.97,44.99,44.96,0.0,0.0,0.0,0.0,1
54,7.946947306064488,lo_top_Bid,44.98,44.97,44.99,44.96,0.0,0.0,0.0,0.0,1
55,7.947618727884296,mo_Bid,44.98,44.97,44.99,44.96,0.0,0.0,0.0,0.0,1
56,7.948604395173753,mo_Bid,44.98,44.97,44.99,44.96,0.0,0.0,0.0,0.0,1
57,7.948914266093722,lo_top_Bid,44.98,44.97,44.99,44.96,0.0,0.0,0.0,0.0,1
58,7.9500991420474305,lo_top_Bid,44.98,44.97,44.99,44.96,0.0,0.0,0.0,0.0,1
59,7.9502819165500735,co_deep_Bid,44.98,44.97,44.99,44.96,0.0,0.0,0.0,0.0,1
60,7.9507290286257835,co_deep_Bid,44.98,44.97,44.99,44.96,0.0,0.0,0.0,0.0,1
61,7.950750079620567,lo_deep_Bid,44.98,44.97,44.99,44.96,0.0,0.0,0.0,0.0,1
62,7.950929058098224,co_deep_Bid,44.98,44.97,44.99,44.96,0.0,0.0,0.0,0.0,1
63,7.950943484364098,co_deep_Bid,44.98,44.97,44.99,44.96,0.0,0.0,0.0,0.0,1
64,7.950955967350789,lo_top_Bid,44.98,44.97,44.99,44.96,0.0,0.0,0.0,0.0,1
65,7.951032783022949,lo_top_Bid,44.98,44.97,44.99,44.96,0.0,0.0,0.0,0.0,1
66,7.951043961380157,co_top_Bid,44.98,44.97,44.99,44.96,0.0,0.0,0.0,0.0,1
67,7.951279407274993,lo_deep_Bid,44.98,44.97,44.99,44.96,0.0,0.0,0.0,0.0,1
68,7.951353413430572,lo_top_Bid,44.98,44.97,44.99,44.96,0.0,0.0,0.0,0.0,1
69,7.9513574022750655,lo_top_Bid,44.98,44.97,44.99,44.96,0.0,0.0,0.0,0.0,1
70,7.951373199625845,co_top_Bid,44.98,44.97,44.99,44.96,0.0,0.0,0.0,0.0,1
71,7.9513962324224625,co_top_Bid,44.98,44.97,44.99,44.96,0.0,0.0,0.0,0.0,1
72,7.951403664020245,lo_top_Bid,44.98,44.97,44.99,44.96,0.0,0.0,0.0,0.0,1
73,7.9515635488765986,co_top_Bid,44.98,44.97,44.99,44.96,0.0,0.0,0.0,0.0,1
74,7.951585083050668,mo_Bid,44.98,44.97,44.99,44.96,0.0,0.0,0.0,0.0,1
75,7.9516297599843915,co_top_Bid,44.98,44.97,44.99,44.96,0.0,0.0,0.0,0.0,1
76,7.951630617657007,lo_top_Bid,44.98,44.97,44.99,44.96,0.0,0.0,0.0,0.0,1
77,7.951669552061345,lo_top_Bid,44.98,44.97,44.99,44.96,0.0,0.0,0.0,0.0,1
78,7.951683441513559,lo_top_Bid,44.98,44.97,44.99,44.96,0.0,0.0,0.0,0.0,1
79,7.951733856712053,lo_top_Bid,44.98,44.97,44.99,44.96,0.0,0.0,0.0,0.0,1
80,7.9517387022139605,co_deep_Bid,44.98,44.97,44.99,44.96,0.0,0.0,0.0,0.0,1
81,7.951860296147191,co_deep_Bid,44.98,44.97,44.99,44.96,0.0,0.0,0.0,0.0,1
82,7.952012917260507,lo_top_Bid,44.98,44.97,44.99,44.96,0.0,0.0,0.0,0.0,1
83,7.952885662091205,co_deep_Bid,44.98,44.97,44.99,44.96,0.0,0.0,0.0,0.0,1
84,7.95361808062395,co_top_Bid,44.98,44.97,44.99,44.96,0.0,0.0,0.0,0.0,1
85,7.953626140828111,co_top_Bid,44.98,44.97,44.99,44.96,0.0,0.0,0.0,0.0,1
86,7.953632608773765,lo_top_Bid,44.98,44.97,44.99,44.96,0.0,0.0,0.0,0.0,1
87,7.953745466005278,co_top_Ask,44.99,44.97,45.0,44.96,0.0,0.010000000000005116,0.0,0.00999999999999801,1
88,7.953935604333067,co_top_Bid,44.99,44.97,45.0,44.96,0.0,0.0,0.0,0.0,1
89,7.9540072521919845,mo_Bid,44.99,44.97,45.0,44.96,0.0,0.0,0.0,0.0,1
90,7.9540890496489824,co_top_Ask,45.0,44.97,45.01,44.96,0.0,0.00999999999999801,0.0,0.00999999999999801,1
91,7.954118759677433,lo_top_Bid,45.0,44.97,45.01,44.96,0.0,0.0,0.0,0.0,1
92,7.954145581153282,lo_inspread_Bid,45.0,44.98,45.01,44.97,0.00999999999999801,0.0,0.00999999999999801,0.0,1
93,7.954149014078959,lo_top_Bid,45.0,44.98,45.01,44.97,0.0,0.0,0.0,0.0,1
94,7.954173477518713,co_top_Ask,45.0,44.98,45.01,44.97,0.0,0.0,0.0,0.0,1
95,7.954251348069263,co_top_Bid,45.0,44.98,45.01,44.97,0.0,0.0,0.0,0.0,1
96,7.954319044410307,co_top_Bid,45.0,44.97,45.01,44.96,-0.00999999999999801,0.0,-0.00999999999999801,0.0,1
97,7.954342365642658,co_top_Bid,45.0,44.97,45.01,44.96,0.0,0.0,0.0,0.0,1
98,7.954359048993823,mo_Bid,45.0,44.97,45.01,44.96,0.0,0.0,0.0,0.0,1
99,7.954360944815833,co_top_Bid,45.0,44.97,45.01,44.96,0.0,0.0,0.0,0.0,1
100,7.954507588311831,co_top_Bid,45.0,44.97,45.01,44.96,0.0,0.0,0.0,0.0,1
101,7.954569084548999,mo_Bid,45.0,44.97,45.01,44.96,0.0,0.0,0.0,0.0,1
102,7.95457518411105,lo_top_Bid,45.0,44.97,45.01,44.96,0.0,0.0,0.0,0.0,1
103,7.954577085789575,lo_inspread_Bid,45.0,44.98,45.01,44.97,0.00999999999999801,0.0,0.00999999999999801,0.0,1
104,7.954593507751905,lo_inspread_Bid,45.0,44.99,45.01,44.98,0.010000000000005116,0.0,0.00999999999999801,0.0,1
105,7.954667189528651,co_top_Bid,45.0,44.98,45.01,44.97,-0.010000000000005116,0.0,-0.00999999999999801,0.0,1
106,7.954686514160432,lo_inspread_Bid,45.0,44.99,45.01,44.98,0.010000000000005116,0.0,0.00999999999999801,0.0,1
107,7.954729272005337,mo_Bid,45.0,44.98,45.01,44.97,-0.010000000000005116,0.0,-0.00999999999999801,0.0,1
108,7.954748563395797,lo_inspread_Bid,45.0,44.99,45.01,44.98,0.010000000000005116,0.0,0.00999999999999801,0.0,1
109,7.954780536726673,mo_Bid,45.0,44.98,45.01,44.97,-0.010000000000005116,0.0,-0.00999999999999801,0.0,1
110,7.954793737669834,lo_inspread_Bid,45.0,44.99,45.01,44.98,0.010000000000005116,0.0,0.00999999999999801,0.0,1
111,7.954794804658476,co_top_Ask,45.0,44.99,45.01,44.98,0.0,0.0,0.0,0.0,1
112,7.955013715122942,co_top_Bid,45.0,44.98,45.01,44.97,-0.010000000000005116,0.0,-0.00999999999999801,0.0,1
113,7.955056116732187,co_top_Bid,45.0,44.97,45.01,44.96,-0.00999999999999801,0.0,-0.00999999999999801,0.0,1
114,7.955191768666144,co_top_Bid,45.0,44.97,45.01,44.96,0.0,0.0,0.0,0.0,1
115,7.955242454191523,mo_Bid,45.0,44.97,45.01,44.96,0.0,0.0,0.0,0.0,1
116,7.95524622237948,co_top_Bid,45.0,44.97,45.01,44.96,0.0,0.0,0.0,0.0,1
117,7.95534475640163,co_top_Bid,45.0,44.97,45.01,44.96,0.0,0.0,0.0,0.0,1
118,7.955462764740074,mo_Bid,45.0,44.97,45.01,44.96,0.0,0.0,0.0,0.0,1
119,7.955471765456388,mo_Bid,45.0,44.97,45.01,44.96,0.0,0.0,0.0,0.0,1
120,7.955479768913987,lo_top_Bid,45.0,44.97,45.01,44.96,0.0,0.0,0.0,0.0,1
121,7.9555483241888325,lo_top_Bid,45.0,44.97,45.01,44.96,0.0,0.0,0.0,0.0,1
122,7.955579151238288,lo_inspread_Bid,45.0,44.98,45.01,44.97,0.00999999999999801,0.0,0.00999999999999801,0.0,1
123,7.95562034079271,lo_inspread_Bid,45.0,44.99,45.01,44.98,0.010000000000005116,0.0,0.00999999999999801,0.0,1
124,7.955655626037776,mo_Bid,45.0,44.99,45.01,44.98,0.0,0.0,0.0,0.0,1
125,7.95566062115667,co_top_Ask,45.0,44.99,45.01,44.98,0.0,0.0,0.0,0.0,1
126,7.955693451888681,mo_Bid,45.0,44.99,45.01,44.98,0.0,0.0,0.0,0.0,1
127,7.95570395724882,mo_Bid,45.0,44.99,45.01,44.98,0.0,0.0,0.0,0.0,1
128,7.955707929392432,lo_top_Bid,45.0,44.99,45.01,44.98,0.0,0.0,0.0,0.0,1
129,7.955729211783776,co_deep_Bid,45.0,44.99,45.01,44.97,0.0,0.0,-0.00999999999999801,0.0,1
130,7.9557999709033,lo_top_Bid,45.0,44.99,45.01,44.97,0.0,0.0,0.0,0.0,1
131,7.955855051773577,co_deep_Bid,45.0,44.99,45.01,44.97,0.0,0.0,0.0,0.0,1
132,7.955890729778199,co_top_Bid,45.0,44.99,45.01,44.97,0.0,0.0,0.0,0.0,1
133,7.955906503429634,co_deep_Bid,45.0,44.99,45.01,44.97,0.0,0.0,0.0,0.0,1
134,7.955920986452691,co_top_Bid,45.0,44.99,45.01,44.97,0.0,0.0,0.0,0.0,1
135,7.9559703453163655,co_deep_Bid,45.0,44.99,45.01,44.97,0.0,0.0,0.0,0.0,1
136,7.956109492914734,lo_top_Bid,45.0,44.99,45.01,44.97,0.0,0.0,0.0,0.0,1
137,7.956141118156843,lo_top_Bid,45.0,44.99,45.01,44.97,0.0,0.0,0.0,0.0,1
138,7.956168239816387,lo_top_Bid,45.0,44.99,45.01,44.97,0.0,0.0,0.0,0.0,1
139,7.956206872416004,co_deep_Bid,45.0,44.99,45.01,44.97,0.0,0.0,0.0,0.0,1
140,7.956221915522961,lo_top_Bid,45.0,44.99,45.01,44.97,0.0,0.0,0.0,0.0,1
141,7.95634994181845,mo_Bid,45.0,44.99,45.01,44.97,0.0,0.0,0.0,0.0,1
142,7.956428066153088,co_deep_Bid,45.0,44.99,45.01,44.97,0.0,0.0,0.0,0.0,1
143,7.956465580416771,mo_Bid,45.0,44.99,45.01,44.97,0.0,0.0,0.0,0.0,1
144,7.956499060794016,lo_top_Bid,45.0,44.99,45.01,44.97,0.0,0.0,0.0,0.0,1
145,7.956849245078518,co_deep_Bid,45.0,44.99,45.01,44.97,0.0,0.0,0.0,0.0,1
146,7.95686592072659,lo_top_Bid,45.0,44.99,45.01,44.97,0.0,0.0,0.0,0.0,1
147,7.956920783176921,co_deep_Bid,45.0,44.99,45.01,44.97,0.0,0.0,0.0,0.0,1
148,7.957069289462311,lo_top_Bid,45.0,44.99,45.01,44.97,0.0,0.0,0.0,0.0,1
149,7.957235249887164,co_deep_Bid,45.0,44.99,45.01,44.97,0.0,0.0,0.0,0.0,1
150,7.95727470398024,mo_Bid,45.0,44.99,45.01,44.97,0.0,0.0,0.0,0.0,1
151,7.958681059025996,lo_top_Bid,45.0,44.99,45.01,44.97,0.0,0.0,0.0,0.0,1
152,7.959604403554777,lo_top_Bid,45.0,44.99,45.01,44.97,0.0,0.0,0.0,0.0,1
153,7.9596338083124225,co_top_Bid,45.0,44.99,45.01,44.97,0.0,0.0,0.0,0.0,1
154,7.959694363297372,lo_top_Bid,45.0,44.99,45.01,44.97,0.0,0.0,0.0,0.0,1
155,7.9597330952791285,co_deep_Bid,45.0,44.99,45.01,44.97,0.0,0.0,0.0,0.0,1
156,7.95973962729157,co_top_Bid,45.0,44.99,45.01,44.97,0.0,0.0,0.0,0.0,1
157,7.959984568993703,co_top_Bid,45.0,44.99,45.01,44.97,0.0,0.0,0.0,0.0,1
158,7.959991782289793,co_top_Bid,45.0,44.99,45.01,44.97,0.0,0.0,0.0,0.0,1
159,7.960081046150157,lo_top_Bid,45.0,44.99,45.01,44.97,0.0,0.0,0.0,0.0,1
160,7.961594948845793,co_top_Bid,45.0,44.99,45.01,44.97,0.0,0.0,0.0,0.0,1
161,7.961613623506746,co_top_Bid,45.0,44.99,45.01,44.97,0.0,0.0,0.0,0.0,1
162,7.961977279223871,co_top_Bid,45.0,44.99,45.01,44.97,0.0,0.0,0.0,0.0,1
163,7.9620264558081075,co_top_Bid,45.0,44.99,45.01,44.97,0.0,0.0,0.0,0.0,1
164,7.962030741824262,co_top_Bid,45.0,44.99,45.01,44.97,0.0,0.0,0.0,0.0,1
165,7.962124854529464,co_top_Bid,45.0,44.99,45.01,44.97,0.0,0.0,0.0,0.0,1
166,7.96241017396023,co_top_Bid,45.0,44.97,45.01,44.96,-0.020000000000003126,0.0,-0.00999999999999801,0.0,1
167,7.962410878564543,co_top_Bid,45.0,44.97,45.01,44.96,0.0,0.0,0.0,0.0,1
168,7.96246948203426,co_top_Bid,45.0,44.97,45.01,44.96,0.0,0.0,0.0,0.0,1
169,7.962486648770575,co_top_Bid,45.0,44.97,45.01,44.96,0.0,0.0,0.0,0.0,1
170,7.962551648535044,co_top_Bid,45.0,44.97,45.01,44.96,0.0,0.0,0.0,0.0,1
171,7.96256325253439,co_top_Bid,45.0,44.97,45.01,44.96,0.0,0.0,0.0,0.0,1
172,7.96261225969041,lo_top_Bid,45.0,44.97,45.01,44.96,0.0,0.0,0.0,0.0,1
173,7.962670786600496,lo_top_Bid,45.0,44.97,45.01,44.96,0.0,0.0,0.0,0.0,1
174,7.962763473804637,co_top_Bid,45.0,44.97,45.01,44.96,0.0,0.0,0.0,0.0,1
175,7.96276592010366,co_top_Bid,45.0,44.97,45.01,44.96,0.0,0.0,0.0,0.0,1
176,7.962812934215742,lo_top_Bid,45.0,44.97,45.01,44.96,0.0,0.0,0.0,0.0,1
177,7.962817717983601,co_top_Bid,45.0,44.97,45.01,44.96,0.0,0.0,0.0,0.0,1
178,7.962905208936404,mo_Bid,45.0,44.97,45.01,44.96,0.0,0.0,0.0,0.0,1
179,7.962909390586249,lo_inspread_Bid,45.0,44.98,45.01,44.97,0.00999999999999801,0.0,0.00999999999999801,0.0,1
180,7.96296936384763,lo_inspread_Bid,45.0,44.99,45.01,44.98,0.010000000000005116,0.0,0.00999999999999801,0.0,1
181,7.96298293159763,mo_Bid,45.0,44.98,45.01,44.97,-0.010000000000005116,0.0,-0.00999999999999801,0.0,1
182,7.962989894598735,lo_inspread_Bid,45.0,44.99,45.01,44.98,0.010000000000005116,0.0,0.00999999999999801,0.0,1
183,7.963024445587401,lo_top_Bid,45.0,44.99,45.01,44.98,0.0,0.0,0.0,0.0,1
184,7.96310851484897,lo_top_Bid,45.0,44.99,45.01,44.98,0.0,0.0,0.0,0.0,1
185,7.963162842552579,mo_Bid,45.0,44.99,45.01,44.98,0.0,0.0,0.0,0.0,1
186,7.9631682521860965,co_top_Bid,45.0,44.99,45.01,44.98,0.0,0.0,0.0,0.0,1
187,7.963175676115968,lo_top_Bid,45.0,44.99,45.01,44.98,0.0,0.0,0.0,0.0,1
188,7.963228365947134,mo_Bid,45.0,44.99,45.01,44.98,0.0,0.0,0.0,0.0,1
189,7.963241982812693,mo_Bid,45.0,44.98,45.01,44.97,-0.010000000000005116,0.0,-0.00999999999999801,0.0,1
190,7.963285854440758,mo_Bid,45.0,44.98,45.01,44.97,0.0,0.0,0.0,0.0,1
191,7.963370773043179,lo_inspread_Bid,45.0,44.99,45.01,44.98,0.010000000000005116,0.0,0.00999999999999801,0.0,1
192,7.964352538387572,mo_Bid,45.0,44.98,45.01,44.97,-0.010000000000005116,0.0,-0.00999999999999801,0.0,1
193,7.964379052158365,lo_inspread_Bid,45.0,44.99,45.01,44.98,0.010000000000005116,0.0,0.00999999999999801,0.0,1
194,7.964655395787409,mo_Bid,45.0,44.98,45.01,44.97,-0.010000000000005116,0.0,-0.00999999999999801,0.0,1
195,7.964749739366845,lo_inspread_Bid,45.0,44.99,45.01,44.98,0.010000000000005116,0.0,0.00999999999999801,0.0,1
196,7.965572570378977,lo_top_Bid,45.0,44.99,45.01,44.98,0.0,0.0,0.0,0.0,1
197,7.965615471102748,co_deep_Bid,45.0,44.99,45.01,44.97,0.0,0.0,-0.00999999999999801,0.0,1
198,7.9660453631806645,co_deep_Bid,45.0,44.99,45.01,44.97,0.0,0.0,0.0,0.0,1
199,7.966077103959183,lo_top_Bid,45.0,44.99,45.01,44.97,0.0,0.0,0.0,0.0,1
200,7.966244316099407,co_top_Bid,45.0,44.99,45.01,44.97,0.0,0.0,0.0,0.0,1
201,7.96637504479143,lo_top_Bid,45.0,44.99,45.01,44.97,0.0,0.0,0.0,0.0,1
202,7.966839173155786,co_top_Ask,45.0,44.99,45.01,44.97,0.0,0.0,0.0,0.0,1
203,7.966841234232998,co_top_Ask,45.0,44.99,45.01,44.97,0.0,0.0,0.0,0.0,1
204,7.967963062301007,mo_Bid,45.0,44.99,45.01,44.97,0.0,0.0,0.0,0.0,1
205,7.968366755339392,mo_Bid,45.0,44.99,45.01,44.97,0.0,0.0,0.0,0.0,1
206,7.9685303579429005,mo_Bid,45.0,44.99,45.01,44.97,0.0,0.0,0.0,0.0,1
207,7.9686867747890435,mo_Bid,45.0,44.97,45.01,44.96,-0.020000000000003126,0.0,-0.00999999999999801,0.0,1
208,7.968781128162358,lo_inspread_Bid,45.0,44.98,45.01,44.97,0.00999999999999801,0.0,0.00999999999999801,0.0,1
209,7.968800916888025,lo_inspread_Bid,45.0,44.99,45.01,44.98,0.010000000000005116,0.0,0.00999999999999801,0.0,1
210,7.969121172801289,mo_Bid,45.0,44.98,45.01,44.97,-0.010000000000005116,0.0,-0.00999999999999801,0.0,1
211,7.969336882950311,lo_inspread_Bid,45.0,44.99,45.01,44.98,0.010000000000005116,0.0,0.00999999999999801,0.0,1
212,7.970778221571603,mo_Bid,45.0,44.98,45.01,44.97,-0.010000000000005116,0.0,-0.00999999999999801,0.0,1
213,7.970975073856356,mo_Bid,45.0,44.98,45.01,44.97,0.0,0.0,0.0,0.0,1
214,7.97098141876569,lo_top_Ask,45.0,44.98,45.01,44.97,0.0,0.0,0.0,0.0,1
215,7.971128267504708,lo_inspread_Bid,45.0,44.99,45.01,44.98,0.010000000000005116,0.0,0.00999999999999801,0.0,1
216,7.971200272965883,mo_Bid,45.0,44.98,45.01,44.97,-0.010000000000005116,0.0,-0.00999999999999801,0.0,1
217,7.971260561023779,lo_inspread_Bid,45.0,44.99,45.01,44.98,0.010000000000005116,0.0,0.00999999999999801,0.0,1
218,7.971386241928243,mo_Bid,45.0,44.98,45.01,44.97,-0.010000000000005116,0.0,-0.00999999999999801,0.0,1
219,7.971569993636646,mo_Bid,45.0,44.98,45.01,44.97,0.0,0.0,0.0,0.0,1
220,7.9716544294363265,lo_inspread_Bid,45.0,44.99,45.01,44.98,0.010000000000005116,0.0,0.00999999999999801,0.0,1
221,7.971721165634634,mo_Bid,45.0,44.98,45.01,44.97,-0.010000000000005116,0.0,-0.00999999999999801,0.0,1
222,7.9717606726694825,lo_inspread_Bid,45.0,44.99,45.01,44.98,0.010000000000005116,0.0,0.00999999999999801,0.0,1
223,7.9726258687462375,mo_Bid,45.0,44.98,45.01,44.97,-0.010000000000005116,0.0,-0.00999999999999801,0.0,1
224,7.972810892395694,mo_Bid,45.0,44.98,45.01,44.97,0.0,0.0,0.0,0.0,1
225,7.9728781115452625,lo_inspread_Bid,45.0,44.99,45.01,44.98,0.010000000000005116,0.0,0.00999999999999801,0.0,1
226,7.973559353086465,mo_Bid,45.0,44.99,45.01,44.98,0.0,0.0,0.0,0.0,1
227,7.975685098353714,lo_top_Bid,45.0,44.99,45.01,44.98,0.0,0.0,0.0,0.0,1
228,7.976121252771581,lo_top_Bid,45.0,44.99,45.01,44.98,0.0,0.0,0.0,0.0,1
229,7.976182355578881,lo_top_Bid,45.0,44.99,45.01,44.98,0.0,0.0,0.0,0.0,1
230,7.976268649244488,lo_top_Bid,45.0,44.99,45.01,44.98,0.0,0.0,0.0,0.0,1
231,7.9763173148371,co_deep_Bid,45.0,44.99,45.01,44.97,0.0,0.0,-0.00999999999999801,0.0,1
232,7.976466195566552,lo_top_Bid,45.0,44.99,45.01,44.97,0.0,0.0,0.0,0.0,1
233,7.97652720453145,lo_top_Bid,45.0,44.99,45.01,44.97,0.0,0.0,0.0,0.0,1
234,7.9765904536351675,co_deep_Bid,45.0,44.99,45.01,44.97,0.0,0.0,0.0,0.0,1
235,7.976599630293816,co_deep_Bid,45.0,44.99,45.01,44.97,0.0,0.0,0.0,0.0,1
236,7.976625121468405,co_deep_Bid,45.0,44.99,45.01,44.97,0.0,0.0,0.0,0.0,1
237,7.976780808736934,co_deep_Bid,45.0,44.99,45.01,44.97,0.0,0.0,0.0,0.0,1
238,7.97686966260387,co_deep_Bid,45.0,44.99,45.01,44.97,0.0,0.0,0.0,0.0,1
239,7.978130003561446,lo_top_Bid,45.0,44.99,45.01,44.97,0.0,0.0,0.0,0.0,1
240,7.978970059293159,lo_top_Bid,45.0,44.99,45.01,44.97,0.0,0.0,0.0,0.0,1
241,7.979009131267857,lo_top_Bid,45.0,44.99,45.01,44.97,0.0,0.0,0.0,0.0,1
242,7.979057779090907,co_deep_Bid,45.0,44.99,45.01,44.97,0.0,0.0,0.0,0.0,1
243,7.97911299445896,lo_top_Bid,45.0,44.99,45.01,44.97,0.0,0.0,0.0,0.0,1
244,7.979205821034211,co_deep_Bid,45.0,44.99,45.01,44.97,0.0,0.0,0.0,0.0,1
245,7.979278072766186,co_deep_Bid,45.0,44.99,45.01,44.97,0.0,0.0,0.0,0.0,1
246,7.979358188432418,lo_top_Bid,45.0,44.99,45.01,44.97,0.0,0.0,0.0,0.0,1
247,7.97936102878412,co_deep_Bid,45.0,44.99,45.01,44.97,0.0,0.0,0.0,0.0,1
248,7.979377162700769,lo_deep_Bid,45.0,44.99,45.01,44.97,0.0,0.0,0.0,0.0,1
249,7.979443940215234,co_deep_Bid,45.0,44.99,45.01,44.97,0.0,0.0,0.0,0.0,1
250,7.97947712890903,co_deep_Bid,45.0,44.99,45.01,44.97,0.0,0.0,0.0,0.0,1
251,7.9799883441566175,lo_top_Bid,45.0,44.99,45.01,44.97,0.0,0.0,0.0,0.0,1
252,7.980429966754212,lo_top_Bid,45.0,44.99,45.01,44.97,0.0,0.0,0.0,0.0,1
253,7.9804864206499095,co_top_Bid,45.0,44.99,45.01,44.97,0.0,0.0,0.0,0.0,1
254,7.980534901198546,lo_top_Bid,45.0,44.99,45.01,44.97,0.0,0.0,0.0,0.0,1
255,7.980564069738918,co_top_Bid,45.0,44.99,45.01,44.97,0.0,0.0,0.0,0.0,1
256,7.980595432544643,co_top_Bid,45.0,44.99,45.01,44.97,0.0,0.0,0.0,0.0,1
257,7.980610610439403,co_top_Bid,45.0,44.99,45.01,44.97,0.0,0.0,0.0,0.0,1
258,7.9808455551069,co_top_Bid,45.0,44.99,45.01,44.97,0.0,0.0,0.0,0.0,1
259,7.980862774378995,lo_top_Bid,45.0,44.99,45.01,44.97,0.0,0.0,0.0,0.0,1
260,7.980880395119814,lo_top_Bid,45.0,44.99,45.01,44.97,0.0,0.0,0.0,0.0,1
261,7.9809059446813615,co_deep_Bid,45.0,44.99,45.01,44.97,0.0,0.0,0.0,0.0,1
262,7.980937520254732,co_top_Bid,45.0,44.99,45.01,44.97,0.0,0.0,0.0,0.0,1
263,7.980947185364744,lo_top_Bid,45.0,44.99,45.01,44.97,0.0,0.0,0.0,0.0,1
264,7.981089823707136,co_top_Bid,45.0,44.99,45.01,44.97,0.0,0.0,0.0,0.0,1
265,7.981398550792916,co_top_Bid,45.0,44.99,45.01,44.97,0.0,0.0,0.0,0.0,1
266,7.981606672455022,co_top_Bid,45.0,44.99,45.01,44.97,0.0,0.0,0.0,0.0,1
267,7.981803527002722,lo_top_Bid,45.0,44.99,45.01,44.97,0.0,0.0,0.0,0.0,1
268,7.981829522489984,co_deep_Bid,45.0,44.99,45.01,44.97,0.0,0.0,0.0,0.0,1
269,7.981961510632619,co_top_Bid,45.0,44.99,45.01,44.97,0.0,0.0,0.0,0.0,1
270,7.98214561672483,co_top_Bid,45.0,44.99,45.01,44.97,0.0,0.0,0.0,0.0,1
271,7.982197548800827,lo_top_Bid,45.0,44.99,45.01,44.97,0.0,0.0,0.0,0.0,1
272,7.982263112059459,co_top_Bid,45.0,44.99,45.01,44.97,0.0,0.0,0.0,0.0,1
273,7.982296936917714,co_top_Bid,45.0,44.99,45.01,44.97,0.0,0.0,0.0,0.0,1
274,7.98235504252967,lo_top_Bid,45.0,44.99,45.01,44.97,0.0,0.0,0.0,0.0,1
275,7.982367636553816,co_deep_Bid,45.0,44.99,45.01,44.97,0.0,0.0,0.0,0.0,1
276,7.982379794130551,co_deep_Bid,45.0,44.99,45.01,44.97,0.0,0.0,0.0,0.0,1
277,7.982404103301509,co_deep_Bid,45.0,44.99,45.01,44.97,0.0,0.0,0.0,0.0,1
278,7.982506689164074,co_deep_Bid,45.0,44.99,45.01,44.97,0.0,0.0,0.0,0.0,1
279,7.982952223504163,lo_top_Bid,45.0,44.99,45.01,44.97,0.0,0.0,0.0,0.0,1
280,7.982992956421282,co_deep_Bid,45.0,44.99,45.01,44.97,0.0,0.0,0.0,0.0,1
281,7.983979008222617,lo_top_Bid,45.0,44.99,45.01,44.97,0.0,0.0,0.0,0.0,1
282,7.986840855604925,lo_top_Bid,45.0,44.99,45.01,44.97,0.0,0.0,0.0,0.0,1
283,7.9874244043772995,lo_top_Bid,45.0,44.99,45.01,44.97,0.0,0.0,0.0,0.0,1
284,7.987625306196856,co_top_Bid,45.0,44.99,45.01,44.97,0.0,0.0,0.0,0.0,1
285,7.988343694112482,lo_top_Bid,45.0,44.99,45.01,44.97,0.0,0.0,0.0,0.0,1
286,7.988448281917197,lo_top_Bid,45.0,44.99,45.01,44.97,0.0,0.0,0.0,0.0,1
287,7.989748612359616,co_top_Bid,45.0,44.99,45.01,44.97,0.0,0.0,0.0,0.0,1
288,7.99488260656239,mo_Bid,45.0,44.99,45.01,44.97,0.0,0.0,0.0,0.0,1
289,7.9957561234371495,lo_top_Bid,45.0,44.99,45.01,44.97,0.0,0.0,0.0,0.0,1
290,7.9959790841101706,co_deep_Bid,45.0,44.99,45.01,44.97,0.0,0.0,0.0,0.0,1
291,7.9962081216851715,co_deep_Bid,45.0,44.99,45.01,44.97,0.0,0.0,0.0,0.0,1
292,7.996496396178035,co_deep_Bid,45.0,44.99,45.01,44.96,0.0,0.0,-0.00999999999999801,0.0,1
293,7.997990513594223,mo_Bid,45.0,44.99,45.01,44.96,0.0,0.0,0.0,0.0,1
294,7.998082147110707,mo_Bid,45.0,44.99,45.01,44.96,0.0,0.0,0.0,0.0,1
295,8.001325171856761,lo_top_Bid,45.0,44.99,45.01,44.96,0.0,0.0,0.0,0.0,1
296,8.00143934361106,lo_top_Bid,45.0,44.99,45.01,44.96,0.0,0.0,0.0,0.0,1
297,8.001610501555051,co_deep_Bid,45.0,44.99,45.01,44.96,0.0,0.0,0.0,0.0,1
298,8.0017539692232,lo_top_Bid,45.0,44.99,45.01,44.96,0.0,0.0,0.0,0.0,1
299,8.018960746321259,mo_Bid,45.0,44.99,45.01,44.96,0.0,0.0,0.0,0.0,1
300,8.019010884651951,lo_top_Bid,45.0,44.99,45.01,44.96,0.0,0.0,0.0,0.0,1
301,8.034001274261312,mo_Bid,45.0,44.99,45.01,44.96,0.0,0.0,0.0,0.0,1
302,8.044528560355944,lo_top_Bid,45.0,44.99,45.01,44.96,0.0,0.0,0.0,0.0,1
303,8.044656382466092,co_deep_Bid,45.0,44.99,45.01,44.96,0.0,0.0,0.0,0.0,1
304,8.044940963976481,lo_top_Bid,45.0,44.99,45.01,44.96,0.0,0.0,0.0,0.0,1
305,8.0450316952632,lo_top_Bid,45.0,44.99,45.01,44.96,0.0,0.0,0.0,0.0,1
306,8.04512051342594,lo_top_Bid,45.0,44.99,45.01,44.96,0.0,0.0,0.0,0.0,1
307,8.045265616248303,lo_top_Bid,45.0,44.99,45.01,44.96,0.0,0.0,0.0,0.0,1
308,8.045350856180628,lo_top_Bid,45.0,44.99,45.01,44.96,0.0,0.0,0.0,0.0,1
309,8.04544096146561,lo_top_Bid,45.0,44.99,45.01,44.96,0.0,0.0,0.0,0.0,1
310,8.045664781067723,lo_top_Bid,45.0,44.99,45.01,44.96,0.0,0.0,0.0,0.0,1
311,8.045687108894393,co_top_Bid,45.0,44.99,45.01,44.96,0.0,0.0,0.0,0.0,1
312,8.045692199697783,lo_top_Bid,45.0,44.99,45.01,44.96,0.0,0.0,0.0,0.0,1
313,8.045708105031261,co_top_Bid,45.0,44.99,45.01,44.96,0.0,0.0,0.0,0.0,1
314,8.045729523818489,co_top_Ask,45.0,44.99,45.01,44.96,0.0,0.0,0.0,0.0,1
315,8.045904640332093,co_deep_Bid,45.0,44.99,45.01,44.96,0.0,0.0,0.0,0.0,1
316,8.046050509980423,lo_deep_Bid,45.0,44.99,45.01,44.98,0.0,0.0,0.01999999999999602,0.0,1
317,8.04668964066715,lo_top_Bid,45.0,44.99,45.01,44.98,0.0,0.0,0.0,0.0,1
318,8.046906463145355,co_deep_Bid,45.0,44.99,45.01,44.97,0.0,0.0,-0.00999999999999801,0.0,1
319,8.046917691704342,lo_deep_Bid,45.0,44.99,45.01,44.97,0.0,0.0,0.0,0.0,1
320,8.049194148647778,lo_top_Bid,45.0,44.99,45.01,44.97,0.0,0.0,0.0,0.0,1
321,8.049348608024111,co_top_Bid,45.0,44.99,45.01,44.97,0.0,0.0,0.0,0.0,1
322,8.04968612279945,co_top_Bid,45.0,44.99,45.01,44.97,0.0,0.0,0.0,0.0,1
323,8.053165429784242,lo_top_Bid,45.0,44.99,45.01,44.97,0.0,0.0,0.0,0.0,1
324,8.054423766317631,lo_top_Bid,45.0,44.99,45.01,44.97,0.0,0.0,0.0,0.0,1
325,8.057148897889613,mo_Bid,45.0,44.99,45.01,44.97,0.0,0.0,0.0,0.0,1
326,8.057971277053477,mo_Bid,45.0,44.99,45.01,44.97,0.0,0.0,0.0,0.0,1
327,8.058199144868869,mo_Bid,45.0,44.99,45.01,44.97,0.0,0.0,0.0,0.0,1
328,8.059631294357272,mo_Bid,45.0,44.99,45.01,44.97,0.0,0.0,0.0,0.0,1
329,8.059734365725637,mo_Bid,45.0,44.99,45.01,44.97,0.0,0.0,0.0,0.0,1
330,8.062124371024751,mo_Bid,45.0,44.99,45.01,44.97,0.0,0.0,0.0,0.0,1
331,8.063459732638211,mo_Bid,45.0,44.99,45.01,44.97,0.0,0.0,0.0,0.0,1
332,8.063473362442245,mo_Bid,45.0,44.99,45.01,44.97,0.0,0.0,0.0,0.0,1
333,8.063500727215649,mo_Bid,45.0,44.99,45.01,44.97,0.0,0.0,0.0,0.0,1
334,8.06394717118907,lo_top_Ask,45.0,44.99,45.01,44.97,0.0,0.0,0.0,0.0,1
335,8.064645822688298,mo_Bid,45.0,44.99,45.01,44.97,0.0,0.0,0.0,0.0,1
336,8.064673141756478,mo_Bid,45.0,44.99,45.01,44.97,0.0,0.0,0.0,0.0,1
337,8.064812517096874,mo_Bid,45.0,44.99,45.01,44.97,0.0,0.0,0.0,0.0,1
338,8.064902094231083,mo_Bid,45.0,44.99,45.01,44.97,0.0,0.0,0.0,0.0,1
339,8.06490657810597,mo_Bid,45.0,44.99,45.01,44.97,0.0,0.0,0.0,0.0,1
340,8.066231281893714,lo_top_Bid,45.0,44.99,45.01,44.97,0.0,0.0,0.0,0.0,1
341,8.066305570000504,co_top_Bid,45.0,44.99,45.01,44.97,0.0,0.0,0.0,0.0,1
342,8.066346111399943,co_top_Bid,45.0,44.99,45.01,44.97,0.0,0.0,0.0,0.0,1
343,8.066429830674155,lo_top_Bid,45.0,44.99,45.01,44.97,0.0,0.0,0.0,0.0,1
344,8.066791614908691,co_deep_Bid,45.0,44.99,45.01,44.97,0.0,0.0,0.0,0.0,1
345,8.066824656986144,co_deep_Bid,45.0,44.99,45.01,44.97,0.0,0.0,0.0,0.0,1
346,8.066830060428991,lo_deep_Bid,45.0,44.99,45.01,44.97,0.0,0.0,0.0,0.0,1
347,8.066835757267544,co_deep_Bid,45.0,44.99,45.01,44.97,0.0,0.0,0.0,0.0,1
348,8.067044727430883,lo_deep_Bid,45.0,44.99,45.01,44.97,0.0,0.0,0.0,0.0,1
349,8.06727461302608,lo_top_Bid,45.0,44.99,45.01,44.97,0.0,0.0,0.0,0.0,1
350,8.067885783936322,lo_top_Bid,45.0,44.99,45.01,44.97,0.0,0.0,0.0,0.0,1
351,8.072164036802759,mo_Bid,45.0,44.99,45.01,44.97,0.0,0.0,0.0,0.0,1
352,8.076914660568079,lo_top_Bid,45.0,44.99,45.01,44.97,0.0,0.0,0.0,0.0,1
353,8.086808823588706,lo_top_Bid,45.0,44.99,45.01,44.97,0.0,0.0,0.0,0.0,1
354,8.086828980206558,co_deep_Bid,45.0,44.99,45.01,44.97,0.0,0.0,0.0,0.0,1
355,8.086859901073051,lo_top_Bid,45.0,44.99,45.01,44.97,0.0,0.0,0.0,0.0,1
356,8.088815042614128,co_deep_Bid,45.0,44.99,45.01,44.97,0.0,0.0,0.0,0.0,1
357,8.090374647345314,lo_top_Bid,45.0,44.99,45.01,44.97,0.0,0.0,0.0,0.0,1
358,8.09048747886301,lo_top_Bid,45.0,44.99,45.01,44.97,0.0,0.0,0.0,0.0,1
359,8.090619710567513,lo_top_Bid,45.0,44.99,45.01,44.97,0.0,0.0,0.0,0.0,1
360,8.090812258127169,lo_top_Bid,45.0,44.99,45.01,44.97,0.0,0.0,0.0,0.0,1
361,8.090846695714138,lo_top_Bid,45.0,44.99,45.01,44.97,0.0,0.0,0.0,0.0,1
362,8.090945604098478,co_top_Bid,45.0,44.99,45.01,44.97,0.0,0.0,0.0,0.0,1
363,8.09106555130138,lo_top_Bid,45.0,44.99,45.01,44.97,0.0,0.0,0.0,0.0,1
364,8.091104953576377,lo_top_Bid,45.0,44.99,45.01,44.97,0.0,0.0,0.0,0.0,1
365,8.091117698885487,co_top_Bid,45.0,44.99,45.01,44.97,0.0,0.0,0.0,0.0,1
366,8.091122795661368,co_top_Bid,45.0,44.99,45.01,44.97,0.0,0.0,0.0,0.0,1
367,8.091175624230416,co_deep_Bid,45.0,44.99,45.01,44.97,0.0,0.0,0.0,0.0,1
368,8.091239398086046,co_deep_Bid,45.0,44.99,45.01,44.97,0.0,0.0,0.0,0.0,1
369,8.09131147455719,co_top_Bid,45.0,44.99,45.01,44.97,0.0,0.0,0.0,0.0,1
370,8.091405241138192,lo_top_Bid,45.0,44.99,45.01,44.97,0.0,0.0,0.0,0.0,1
371,8.09153101248449,lo_top_Bid,45.0,44.99,45.01,44.97,0.0,0.0,0.0,0.0,1
372,8.091922651302333,co_top_Bid,45.0,44.99,45.01,44.97,0.0,0.0,0.0,0.0,1
373,8.092469031139036,lo_top_Bid,45.0,44.99,45.01,44.97,0.0,0.0,0.0,0.0,1
374,8.092748718243875,lo_top_Bid,45.0,44.99,45.01,44.97,0.0,0.0,0.0,0.0,1
375,8.092754627656992,co_deep_Bid,45.0,44.99,45.01,44.97,0.0,0.0,0.0,0.0,1
376,8.09279774968619,lo_top_Bid,45.0,44.99,45.01,44.97,0.0,0.0,0.0,0.0,1
377,8.093737795984492,co_deep_Bid,45.0,44.99,45.01,44.97,0.0,0.0,0.0,0.0,1
378,8.093836157702883,co_deep_Bid,45.0,44.99,45.01,44.97,0.0,0.0,0.0,0.0,1
379,8.09384823676627,lo_deep_Bid,45.0,44.99,45.01,44.97,0.0,0.0,0.0,0.0,1
380,8.093852005189527,mo_Ask,45.0,44.99,45.01,44.97,0.0,0.0,0.0,0.0,1
381,8.093893854275946,lo_top_Bid,45.0,44.99,45.01,44.97,0.0,0.0,0.0,0.0,1
382,8.09393851557816,co_deep_Bid,45.0,44.99,45.01,44.97,0.0,0.0,0.0,0.0,1
383,8.094008088272808,lo_deep_Bid,45.0,44.99,45.01,44.97,0.0,0.0,0.0,0.0,1
384,8.094093129098303,mo_Ask,45.0,44.99,45.01,44.97,0.0,0.0,0.0,0.0,1
385,8.0942584100481,mo_Ask,45.0,44.99,45.01,44.97,0.0,0.0,0.0,0.0,1
386,8.094407409055972,lo_top_Bid,45.0,44.99,45.01,44.97,0.0,0.0,0.0,0.0,1
387,8.094655425504774,lo_deep_Bid,45.0,44.99,45.01,44.97,0.0,0.0,0.0,0.0,1
388,8.09627821228763,co_deep_Bid,45.0,44.99,45.01,44.97,0.0,0.0,0.0,0.0,1
389,8.097425472364083,co_deep_Bid,45.0,44.99,45.01,44.97,0.0,0.0,0.0,0.0,1
390,8.097476169726272,co_deep_Bid,45.0,44.99,45.01,44.97,0.0,0.0,0.0,0.0,1
391,8.097491023131944,co_deep_Bid,45.0,44.99,45.01,44.97,0.0,0.0,0.0,0.0,1
392,8.097599614506965,co_deep_Bid,45.0,44.99,45.01,44.97,0.0,0.0,0.0,0.0,1
393,8.097632585680621,co_deep_Bid,45.0,44.99,45.01,44.97,0.0,0.0,0.0,0.0,1
394,8.097649602644672,co_deep_Bid,45.0,44.99,45.01,44.97,0.0,0.0,0.0,0.0,1
395,8.097707001262407,co_deep_Bid,45.0,44.99,45.01,44.97,0.0,0.0,0.0,0.0,1
396,8.09770877193036,co_deep_Bid,45.0,44.99,45.01,44.97,0.0,0.0,0.0,0.0,1
397,8.098610289137946,co_deep_Bid,45.0,44.99,45.01,44.97,0.0,0.0,0.0,0.0,1
398,8.09909988420317,lo_deep_Bid,45.0,44.99,45.01,44.97,0.0,0.0,0.0,0.0,1
399,8.099121434059748,lo_top_Bid,45.0,44.99,45.01,44.97,0.0,0.0,0.0,0.0,1
400,8.111820106858218,lo_top_Bid,45.0,44.99,45.01,44.97,0.0,0.0,0.0,0.0,1
401,8.156380485395772,lo_top_Bid,45.0,44.99,45.01,44.97,0.0,0.0,0.0,0.0,1
402,8.15674879053794,lo_top_Bid,45.0,44.99,45.01,44.97,0.0,0.0,0.0,0.0,1
403,8.157434500301601,lo_top_Bid,45.0,44.99,45.01,44.97,0.0,0.0,0.0,0.0,1
404,8.158027056343322,co_top_Bid,45.0,44.99,45.01,44.97,0.0,0.0,0.0,0.0,1
405,8.158133736355214,lo_top_Bid,45.0,44.99,45.01,44.97,0.0,0.0,0.0,0.0,1
406,8.163387924462647,lo_top_Bid,45.0,44.99,45.01,44.97,0.0,0.0,0.0,0.0,1
407,8.781112549077951,mo_Bid,45.0,44.99,45.01,44.97,0.0,0.0,0.0,0.0,1
408,8.78120614046306,mo_Bid,45.0,44.99,45.01,44.97,0.0,0.0,0.0,0.0,1
409,8.781266914565366,lo_top_Bid,45.0,44.99,45.01,44.97,0.0,0.0,0.0,0.0,1
410,10.493089943469945,lo_top_Bid,45.0,44.99,45.01,44.97,0.0,0.0,0.0,0.0,1
411,10.49310581277465,lo_top_Bid,45.0,44.99,45.01,44.97,0.0,0.0,0.0,0.0,1
412,10.493210341966211,co_deep_Bid,45.0,44.99,45.01,44.97,0.0,0.0,0.0,0.0,1
413,10.493239783222696,lo_deep_Bid,45.0,44.99,45.01,44.97,0.0,0.0,0.0,0.0,1
414,12.602905083215001,lo_deep_Ask,45.0,44.99,45.01,44.97,0.0,0.0,0.0,0.0,1
415,17.53260394660642,co_top_Bid,45.0,44.99,45.01,44.97,0.0,0.0,0.0,0.0,1
416,21.48442385852929,co_top_Ask,45.0,44.99,45.01,44.97,0.0,0.0,0.0,0.0,1
417,21.866076851290043,co_deep_Ask,45.0,44.99,45.01,44.97,0.0,0.0,0.0,0.0,1
418,21.86650595648972,lo_deep_Ask,45.0,44.99,45.01,44.97,0.0,0.0,0.0,0.0,1
419,21.866734901787712,lo_deep_Ask,45.0,44.99,45.01,44.97,0.0,0.0,0.0,0.0,1
420,21.86691698532507,co_deep_Ask,45.0,44.99,45.01,44.97,0.0,0.0,0.0,0.0,1
421,21.86851811989219,mo_Ask,45.0,44.99,45.01,44.97,0.0,0.0,0.0,0.0,1
422,21.86927828591535,mo_Ask,45.0,44.99,45.01,44.97,0.0,0.0,0.0,0.0,1
423,21.86987206089386,lo_deep_Ask,45.0,44.99,45.01,44.97,0.0,0.0,0.0,0.0,1
424,21.87012573891211,mo_Ask,45.0,44.99,45.01,44.97,0.0,0.0,0.0,0.0,1
425,21.871958910821164,lo_deep_Ask,45.0,44.99,45.01,44.97,0.0,0.0,0.0,0.0,1
426,21.872152864808275,co_deep_Ask,45.0,44.99,45.01,44.97,0.0,0.0,0.0,0.0,1
427,21.87385457112185,mo_Ask,45.01,44.99,45.02,44.97,0.0,0.00999999999999801,0.0,0.010000000000005116,1
428,21.880250012621303,lo_inspread_Bid,45.01,45.0,45.02,44.99,0.00999999999999801,0.0,0.020000000000003126,0.0,1
429,21.88108231256529,mo_Bid,45.01,45.0,45.02,44.99,0.0,0.0,0.0,0.0,1
430,24.79640290685088,mo_Ask,45.01,45.0,45.02,44.99,0.0,0.0,0.0,0.0,1
431,25.69249510857324,lo_top_Bid,45.01,45.0,45.02,44.99,0.0,0.0,0.0,0.0,1
432,25.692566247652774,lo_top_Bid,45.01,45.0,45.02,44.99,0.0,0.0,0.0,0.0,1
433,25.694983357454237,co_deep_Bid,45.01,45.0,45.02,44.99,0.0,0.0,0.0,0.0,1
434,32.10724765153641,mo_Ask,45.01,45.0,45.02,44.99,0.0,0.0,0.0,0.0,1
435,33.72055942095714,lo_top_Ask,45.01,45.0,45.02,44.99,0.0,0.0,0.0,0.0,1
436,33.720721228832794,lo_top_Ask,45.01,45.0,45.02,44.99,0.0,0.0,0.0,0.0,1
437,33.72089442494543,lo_top_Ask,45.01,45.0,45.02,44.99,0.0,0.0,0.0,0.0,1
438,33.720933951280095,lo_top_Ask,45.01,45.0,45.02,44.99,0.0,0.0,0.0,0.0,1
439,33.72094775075397,lo_top_Ask,45.01,45.0,45.02,44.99,0.0,0.0,0.0,0.0,1
440,33.72098835591048,lo_top_Ask,45.01,45.0,45.02,44.99,0.0,0.0,0.0,0.0,1
441,33.7210081821185,lo_top_Ask,45.01,45.0,45.02,44.99,0.0,0.0,0.0,0.0,1
442,33.72107420510661,lo_top_Ask,45.01,45.0,45.02,44.99,0.0,0.0,0.0,0.0,1
443,33.7210985902391,co_deep_Ask,45.01,45.0,45.02,44.99,0.0,0.0,0.0,0.0,1
444,33.72113692022495,co_deep_Ask,45.01,45.0,45.02,44.99,0.0,0.0,0.0,0.0,1
445,33.72124117694826,co_deep_Ask,45.01,45.0,45.02,44.99,0.0,0.0,0.0,0.0,1
446,33.721495953168436,lo_deep_Ask,45.01,45.0,45.02,44.99,0.0,0.0,0.0,0.0,1
447,33.721999298359876,co_deep_Ask,45.01,45.0,45.02,44.99,0.0,0.0,0.0,0.0,1
448,33.72238404528529,co_deep_Ask,45.01,45.0,45.02,44.99,0.0,0.0,0.0,0.0,1
449,33.7227525851616,lo_deep_Ask,45.01,45.0,45.02,44.99,0.0,0.0,0.0,0.0,1
450,34.401511847390836,co_top_Bid,45.01,45.0,45.02,44.99,0.0,0.0,0.0,0.0,1
451,34.40152967892518,lo_top_Bid,45.01,45.0,45.02,44.99,0.0,0.0,0.0,0.0,1
452,35.755460471783344,co_deep_Bid,45.01,45.0,45.02,44.99,0.0,0.0,0.0,0.0,1
453,35.75547762356111,co_deep_Bid,45.01,45.0,45.02,44.99,0.0,0.0,0.0,0.0,1
454,35.75549540690632,lo_top_Bid,45.01,45.0,45.02,44.99,0.0,0.0,0.0,0.0,1
455,35.755862833639135,co_deep_Bid,45.01,45.0,45.02,44.99,0.0,0.0,0.0,0.0,1
456,35.75615614702123,co_deep_Bid,45.01,45.0,45.02,44.99,0.0,0.0,0.0,0.0,1
457,35.75622978269555,co_deep_Bid,45.01,45.0,45.02,44.99,0.0,0.0,0.0,0.0,1
458,35.75630685584854,co_deep_Bid,45.01,45.0,45.02,44.99,0.0,0.0,0.0,0.0,1
459,35.75643825204959,co_deep_Bid,45.01,45.0,45.02,44.99,0.0,0.0,0.0,0.0,1
460,35.75644666210626,mo_Ask,45.01,45.0,45.02,44.99,0.0,0.0,0.0,0.0,1
461,35.75651914603112,lo_deep_Bid,45.01,45.0,45.02,44.99,0.0,0.0,0.0,0.0,1
462,35.75742109916664,lo_top_Bid,45.01,45.0,45.02,44.99,0.0,0.0,0.0,0.0,1
463,35.75767556936231,lo_deep_Bid,45.01,45.0,45.02,44.99,0.0,0.0,0.0,0.0,1
464,35.757888947096916,lo_deep_Bid,45.01,45.0,45.02,44.99,0.0,0.0,0.0,0.0,1
465,35.759396289760055,lo_deep_Bid,45.01,45.0,45.02,44.99,0.0,0.0,0.0,0.0,1
466,35.75941499571013,lo_deep_Bid,45.01,45.0,45.02,44.99,0.0,0.0,0.0,0.0,1
467,35.75946303700019,lo_deep_Bid,45.01,45.0,45.02,44.99,0.0,0.0,0.0,0.0,1
468,35.75950084693368,lo_deep_Bid,45.01,45.0,45.02,44.99,0.0,0.0,0.0,0.0,1
469,35.759695584403325,lo_top_Bid,45.01,45.0,45.02,44.99,0.0,0.0,0.0,0.0,1
470,35.75976032939113,lo_deep_Bid,45.01,45.0,45.02,44.99,0.0,0.0,0.0,0.0,1
471,35.75979797808097,lo_deep_Bid,45.01,45.0,45.02,44.99,0.0,0.0,0.0,0.0,1
472,35.75987405344658,lo_deep_Bid,45.01,45.0,45.02,44.99,0.0,0.0,0.0,0.0,1
473,35.76033754834013,lo_deep_Bid,45.01,45.0,45.02,44.99,0.0,0.0,0.0,0.0,1
474,35.760352668421525,lo_top_Bid,45.01,45.0,45.02,44.99,0.0,0.0,0.0,0.0,1
475,35.76049426779603,lo_top_Bid,45.01,45.0,45.02,44.99,0.0,0.0,0.0,0.0,1
476,35.76187829447359,co_top_Bid,45.01,45.0,45.02,44.99,0.0,0.0,0.0,0.0,1
477,35.77361572106255,lo_deep_Bid,45.01,45.0,45.02,44.99,0.0,0.0,0.0,0.0,1
478,35.773698635466566,lo_deep_Bid,45.01,45.0,45.02,44.99,0.0,0.0,0.0,0.0,1
479,35.77371932628676,lo_deep_Bid,45.01,45.0,45.02,44.99,0.0,0.0,0.0,0.0,1
480,35.773734209631655,lo_deep_Bid,45.01,45.0,45.02,44.99,0.0,0.0,0.0,0.0,1
481,35.774011525774185,mo_Ask,45.01,45.0,45.02,44.99,0.0,0.0,0.0,0.0,1
482,35.84034454711465,lo_top_Bid,45.01,45.0,45.02,44.99,0.0,0.0,0.0,0.0,1
483,36.51718599560088,mo_Ask,45.01,45.0,45.02,44.99,0.0,0.0,0.0,0.0,1
484,36.517326296386074,mo_Ask,45.01,45.0,45.02,44.99,0.0,0.0,0.0,0.0,1
485,36.51887201645368,mo_Ask,45.01,45.0,45.02,44.99,0.0,0.0,0.0,0.0,1
486,40.01976401721608,mo_Ask,45.01,45.0,45.02,44.99,0.0,0.0,0.0,0.0,1
487,40.020711493872476,mo_Ask,45.01,45.0,45.02,44.99,0.0,0.0,0.0,0.0,1
488,40.0294363023794,mo_Ask,45.01,45.0,45.02,44.99,0.0,0.0,0.0,0.0,1
489,42.66748955615194,lo_deep_Ask,45.01,45.0,45.02,44.99,0.0,0.0,0.0,0.0,1
490,42.667534702434885,lo_deep_Ask,45.01,45.0,45.02,44.99,0.0,0.0,0.0,0.0,1
491,42.66755854684218,lo_deep_Ask,45.01,45.0,45.02,44.99,0.0,0.0,0.0,0.0,1
492,42.6676600029037,co_deep_Ask,45.01,45.0,45.02,44.99,0.0,0.0,0.0,0.0,1
493,42.66766409520976,lo_deep_Ask,45.01,45.0,45.02,44.99,0.0,0.0,0.0,0.0,1
494,42.668131161262714,lo_deep_Ask,45.01,45.0,45.02,44.99,0.0,0.0,0.0,0.0,1
495,49.63017774461112,lo_top_Bid,45.01,45.0,45.02,44.99,0.0,0.0,0.0,0.0,1
496,49.63043029898905,co_deep_Bid,45.01,45.0,45.02,44.99,0.0,0.0,0.0,0.0,1
497,49.630537402961494,co_deep_Bid,45.01,45.0,45.02,44.99,0.0,0.0,0.0,0.0,1
498,49.63132237649603,lo_top_Bid,45.01,45.0,45.02,44.99,0.0,0.0,0.0,0.0,1
499,49.63143260931257,lo_top_Bid,45.01,45.0,45.02,44.99,0.0,0.0,0.0,0.0,1
500,49.63381359042186,lo_top_Bid,45.01,45.0,45.02,44.99,0.0,0.0,0.0,0.0,1
501,49.66065714418936,lo_top_Bid,45.01,45.0,45.02,44.99,0.0,0.0,0.0,0.0,1
502,49.66080497449107,co_top_Bid,45.01,45.0,45.02,44.99,0.0,0.0,0.0,0.0,1
503,49.660947791938696,co_top_Bid,45.01,45.0,45.02,44.99,0.0,0.0,0.0,0.0,1
504,49.660959694674055,co_top_Bid,45.01,45.0,45.02,44.99,0.0,0.0,0.0,0.0,1
505,49.668121407700696,mo_Bid,45.01,45.0,45.02,44.99,0.0,0.0,0.0,0.0,1
506,49.6764400357783,lo_top_Bid,45.01,45.0,45.02,44.99,0.0,0.0,0.0,0.0,1
507,49.67657267650686,lo_top_Bid,45.01,45.0,45.02,44.99,0.0,0.0,0.0,0.0,1
508,49.67662241855104,lo_top_Bid,45.01,45.0,45.02,44.99,0.0,0.0,0.0,0.0,1
509,49.677393296038936,co_deep_Bid,45.01,45.0,45.02,44.99,0.0,0.0,0.0,0.0,1
510,49.67758674783194,co_deep_Bid,45.01,45.0,45.02,44.99,0.0,0.0,0.0,0.0,1
511,49.67765486515794,lo_top_Bid,45.01,45.0,45.02,44.99,0.0,0.0,0.0,0.0,1
512,49.67765544764671,lo_deep_Bid,45.01,45.0,45.02,44.99,0.0,0.0,0.0,0.0,1
513,49.67771078164894,lo_deep_Bid,45.01,45.0,45.02,44.99,0.0,0.0,0.0,0.0,1
514,49.677800221647836,co_top_Ask,45.01,45.0,45.02,44.99,0.0,0.0,0.0,0.0,1
515,49.677932855628995,lo_deep_Bid,45.01,45.0,45.02,44.99,0.0,0.0,0.0,0.0,1
516,49.678261978372845,lo_top_Bid,45.01,45.0,45.02,44.99,0.0,0.0,0.0,0.0,1
517,49.678764669657305,lo_top_Bid,45.01,45.0,45.02,44.99,0.0,0.0,0.0,0.0,1
518,49.678907860664,lo_top_Bid,45.01,45.0,45.02,44.99,0.0,0.0,0.0,0.0,1
519,49.67900889539766,lo_top_Bid,45.01,45.0,45.02,44.99,0.0,0.0,0.0,0.0,1
520,49.67950815358345,lo_top_Bid,45.01,45.0,45.02,44.99,0.0,0.0,0.0,0.0,1
521,49.679766290253816,co_deep_Bid,45.01,45.0,45.02,44.99,0.0,0.0,0.0,0.0,1
522,49.67995242400233,lo_top_Bid,45.01,45.0,45.02,44.99,0.0,0.0,0.0,0.0,1
523,49.67999022867908,co_deep_Bid,45.01,45.0,45.02,44.99,0.0,0.0,0.0,0.0,1
524,49.68000464084106,co_deep_Bid,45.01,45.0,45.02,44.99,0.0,0.0,0.0,0.0,1
525,49.680016643490994,lo_deep_Bid,45.01,45.0,45.02,44.99,0.0,0.0,0.0,0.0,1
526,49.680088550563845,co_deep_Bid,45.01,45.0,45.02,44.99,0.0,0.0,0.0,0.0,1
527,49.68014056194103,lo_deep_Bid,45.01,45.0,45.02,44.99,0.0,0.0,0.0,0.0,1
528,49.68037766690438,lo_deep_Bid,45.01,45.0,45.02,44.99,0.0,0.0,0.0,0.0,1
529,49.680779298587645,lo_deep_Bid,45.01,45.0,45.02,44.99,0.0,0.0,0.0,0.0,1
530,49.68079379336399,lo_deep_Bid,45.01,45.0,45.02,44.99,0.0,0.0,0.0,0.0,1
531,49.68084090332682,lo_deep_Bid,45.01,45.0,45.02,44.99,0.0,0.0,0.0,0.0,1
532,49.68085040005698,lo_deep_Bid,45.01,45.0,45.02,44.99,0.0,0.0,0.0,0.0,1
533,49.68088233852585,lo_deep_Bid,45.01,45.0,45.02,44.99,0.0,0.0,0.0,0.0,1
534,49.68137868426714,lo_deep_Bid,45.01,45.0,45.02,44.99,0.0,0.0,0.0,0.0,1
535,49.681641174038894,lo_deep_Bid,45.01,45.0,45.02,44.99,0.0,0.0,0.0,0.0,1
536,49.68210124439252,lo_top_Bid,45.01,45.0,45.02,44.99,0.0,0.0,0.0,0.0,1
537,49.68232323406882,lo_top_Bid,45.01,45.0,45.02,44.99,0.0,0.0,0.0,0.0,1
538,49.68285592438725,lo_deep_Bid,45.01,45.0,45.02,44.99,0.0,0.0,0.0,0.0,1
539,49.68289029593669,lo_top_Bid,45.01,45.0,45.02,44.99,0.0,0.0,0.0,0.0,1
540,49.68295356852322,lo_top_Bid,45.01,45.0,45.02,44.99,0.0,0.0,0.0,0.0,1
541,49.68302599443139,co_top_Bid,45.01,45.0,45.02,44.99,0.0,0.0,0.0,0.0,1
542,49.683156831344796,mo_Bid,45.01,45.0,45.02,44.99,0.0,0.0,0.0,0.0,1
543,49.683207871787886,mo_Bid,45.01,45.0,45.02,44.99,0.0,0.0,0.0,0.0,1
544,49.68449750957655,lo_deep_Bid,45.01,45.0,45.02,44.99,0.0,0.0,0.0,0.0,1
545,49.6847530909708,lo_top_Bid,45.01,45.0,45.02,44.99,0.0,0.0,0.0,0.0,1
546,49.6849839812068,co_top_Bid,45.01,45.0,45.02,44.99,0.0,0.0,0.0,0.0,1
547,49.68509303286047,lo_top_Bid,45.01,45.0,45.02,44.99,0.0,0.0,0.0,0.0,1
548,49.68553782364361,lo_top_Bid,45.01,45.0,45.02,44.99,0.0,0.0,0.0,0.0,1
549,49.68557462480307,co_deep_Bid,45.01,45.0,45.02,44.99,0.0,0.0,0.0,0.0,1
550,49.68559863342796,co_deep_Bid,45.01,45.0,45.02,44.99,0.0,0.0,0.0,0.0,1
551,49.68560987240463,co_deep_Bid,45.01,45.0,45.02,44.99,0.0,0.0,0.0,0.0,1
552,49.685673254603095,lo_deep_Bid,45.01,45.0,45.02,44.99,0.0,0.0,0.0,0.0,1
553,49.68602219286899,co_deep_Bid,45.01,45.0,45.02,44.99,0.0,0.0,0.0,0.0,1
554,49.68609182883953,lo_deep_Bid,45.01,45.0,45.02,44.99,0.0,0.0,0.0,0.0,1
555,49.68623811049908,lo_top_Bid,45.01,45.0,45.02,44.99,0.0,0.0,0.0,0.0,1
556,49.68649704000843,lo_top_Bid,45.01,45.0,45.02,44.99,0.0,0.0,0.0,0.0,1
557,49.68980150609179,co_deep_Bid,45.01,45.0,45.02,44.99,0.0,0.0,0.0,0.0,1
558,49.69698012044604,lo_top_Bid,45.01,45.0,45.02,44.99,0.0,0.0,0.0,0.0,1
559,49.69993458195066,lo_top_Bid,45.01,45.0,45.02,44.99,0.0,0.0,0.0,0.0,1
560,49.70009360687921,lo_top_Bid,45.01,45.0,45.02,44.99,0.0,0.0,0.0,0.0,1
561,49.70104896328272,co_top_Bid,45.01,45.0,45.02,44.99,0.0,0.0,0.0,0.0,1
562,49.701936419783024,co_top_Bid,45.01,45.0,45.02,44.99,0.0,0.0,0.0,0.0,1
563,49.70195124555,lo_top_Bid,45.01,45.0,45.02,44.99,0.0,0.0,0.0,0.0,1
564,49.70198124994081,co_top_Bid,45.01,45.0,45.02,44.99,0.0,0.0,0.0,0.0,1
565,49.701985610062195,co_top_Bid,45.01,45.0,45.02,44.99,0.0,0.0,0.0,0.0,1
566,49.70204604004169,co_top_Bid,45.01,45.0,45.02,44.99,0.0,0.0,0.0,0.0,1
567,49.702818402907475,mo_Bid,45.01,45.0,45.02,44.99,0.0,0.0,0.0,0.0,1
568,49.703768942759545,co_top_Bid,45.01,45.0,45.02,44.99,0.0,0.0,0.0,0.0,1
569,49.71567759474026,co_top_Bid,45.01,45.0,45.02,44.99,0.0,0.0,0.0,0.0,1
570,49.73399732399338,lo_top_Bid,45.01,45.0,45.02,44.99,0.0,0.0,0.0,0.0,1
571,49.7369876658216,lo_top_Bid,45.01,45.0,45.02,44.99,0.0,0.0,0.0,0.0,1
572,49.737202079936345,lo_top_Bid,45.01,45.0,45.02,44.99,0.0,0.0,0.0,0.0,1
573,49.73732105320288,co_top_Bid,45.01,45.0,45.02,44.99,0.0,0.0,0.0,0.0,1
574,49.920849730036785,lo_top_Bid,45.01,45.0,45.02,44.99,0.0,0.0,0.0,0.0,1
575,49.92088730152124,co_deep_Bid,45.01,45.0,45.02,44.99,0.0,0.0,0.0,0.0,1
576,49.97695888270583,co_deep_Bid,45.01,45.0,45.02,44.99,0.0,0.0,0.0,0.0,1
577,57.579890837572925,co_deep_Bid,45.01,45.0,45.02,44.99,0.0,0.0,0.0,0.0,1
578,63.982225191787826,co_deep_Bid,45.01,45.0,45.02,44.99,0.0,0.0,0.0,0.0,1
579,63.98223580800815,co_deep_Bid,45.01,45.0,45.02,44.99,0.0,0.0,0.0,0.0,1
580,63.9823621235837,co_deep_Bid,45.01,45.0,45.02,44.99,0.0,0.0,0.0,0.0,1
581,63.98239015480136,lo_deep_Bid,45.01,45.0,45.02,44.99,0.0,0.0,0.0,0.0,1
582,63.982486746614704,lo_deep_Bid,45.01,45.0,45.02,44.99,0.0,0.0,0.0,0.0,1
583,63.98281915319228,lo_top_Bid,45.01,45.0,45.02,44.99,0.0,0.0,0.0,0.0,1
584,63.982916793160406,lo_top_Bid,45.01,45.0,45.02,44.99,0.0,0.0,0.0,0.0,1
585,63.98295148896886,lo_top_Bid,45.01,45.0,45.02,44.99,0.0,0.0,0.0,0.0,1
586,63.983010842481335,co_deep_Bid,45.01,45.0,45.02,44.99,0.0,0.0,0.0,0.0,1
587,63.98302714829961,lo_top_Bid,45.01,45.0,45.02,44.99,0.0,0.0,0.0,0.0,1
588,63.98336839790649,lo_top_Bid,45.01,45.0,45.02,44.99,0.0,0.0,0.0,0.0,1
589,64.02591372841043,lo_top_Bid,45.01,45.0,45.02,44.99,0.0,0.0,0.0,0.0,1
590,64.02602831680589,lo_top_Bid,45.01,45.0,45.02,44.99,0.0,0.0,0.0,0.0,1
591,64.02663121282689,lo_top_Bid,45.01,45.0,45.02,44.99,0.0,0.0,0.0,0.0,1
592,64.02681340904225,co_deep_Bid,45.01,45.0,45.02,44.99,0.0,0.0,0.0,0.0,1
593,64.02688379829756,co_deep_Bid,45.01,45.0,45.02,44.99,0.0,0.0,0.0,0.0,1
594,64.02741905444428,co_deep_Bid,45.01,45.0,45.02,44.99,0.0,0.0,0.0,0.0,1
595,64.03712345255633,lo_top_Bid,45.01,45.0,45.02,44.99,0.0,0.0,0.0,0.0,1
596,64.03733356789888,co_deep_Bid,45.01,45.0,45.02,44.99,0.0,0.0,0.0,0.0,1
597,64.03921893198651,lo_top_Bid,45.01,45.0,45.02,44.99,0.0,0.0,0.0,0.0,1
598,64.03971105220127,co_deep_Bid,45.01,45.0,45.02,44.99,0.0,0.0,0.0,0.0,1
599,64.06855106145336,lo_top_Bid,45.01,45.0,45.02,44.99,0.0,0.0,0.0,0.0,1
600,64.06890250103676,co_top_Bid,45.01,45.0,45.02,44.99,0.0,0.0,0.0,0.0,1
601,64.06890348132627,mo_Bid,45.01,45.0,45.02,44.99,0.0,0.0,0.0,0.0,1
602,64.06916553057403,mo_Bid,45.01,45.0,45.02,44.99,0.0,0.0,0.0,0.0,1
603,64.06983828818689,mo_Bid,45.01,45.0,45.02,44.99,0.0,0.0,0.0,0.0,1
604,64.0699264458335,mo_Bid,45.01,45.0,45.02,44.99,0.0,0.0,0.0,0.0,1
605,64.07052735769537,lo_top_Bid,45.01,45.0,45.02,44.99,0.0,0.0,0.0,0.0,1
606,64.07270106057508,lo_top_Bid,45.01,45.0,45.02,44.99,0.0,0.0,0.0,0.0,1
607,64.07492550093163,lo_top_Bid,45.01,45.0,45.02,44.99,0.0,0.0,0.0,0.0,1
608,64.90357886492778,co_top_Ask,45.01,45.0,45.02,44.99,0.0,0.0,0.0,0.0,1
609,64.90359413193812,mo_Bid,45.01,45.0,45.02,44.99,0.0,0.0,0.0,0.0,1
610,64.90365159616024,co_top_Ask,45.01,45.0,45.02,44.99,0.0,0.0,0.0,0.0,1
611,64.90378743817743,mo_Bid,45.01,45.0,45.02,44.99,0.0,0.0,0.0,0.0,1
612,65.53807830050093,co_top_Bid,45.01,45.0,45.02,44.99,0.0,0.0,0.0,0.0,1
613,65.6596407269456,lo_deep_Bid,45.01,45.0,45.02,44.99,0.0,0.0,0.0,0.0,1
614,65.65982139076218,lo_deep_Bid,45.01,45.0,45.02,44.99,0.0,0.0,0.0,0.0,1
615,65.65988696577568,lo_deep_Bid,45.01,45.0,45.02,44.99,0.0,0.0,0.0,0.0,1
616,65.65993250912508,lo_deep_Bid,45.01,45.0,45.02,44.99,0.0,0.0,0.0,0.0,1
617,65.66011356267153,mo_Bid,45.01,45.0,45.02,44.99,0.0,0.0,0.0,0.0,1
618,65.66034715512174,lo_top_Bid,45.01,45.0,45.02,44.99,0.0,0.0,0.0,0.0,1
619,65.66043424088251,lo_top_Bid,45.01,45.0,45.02,44.99,0.0,0.0,0.0,0.0,1
620,66.18937631118574,lo_deep_Bid,45.01,45.0,45.02,44.99,0.0,0.0,0.0,0.0,1
621,66.18943227756472,lo_deep_Bid,45.01,45.0,45.02,44.99,0.0,0.0,0.0,0.0,1
622,67.62883247016528,co_top_Ask,45.01,45.0,45.02,44.99,0.0,0.0,0.0,0.0,1
623,67.62887420673769,co_top_Ask,45.01,45.0,45.02,44.99,0.0,0.0,0.0,0.0,1
624,67.6290211677233,co_top_Ask,45.01,45.0,45.02,44.99,0.0,0.0,0.0,0.0,1
625,67.62912846678314,co_top_Ask,45.01,45.0,45.02,44.99,0.0,0.0,0.0,0.0,1
626,67.62914658026115,co_top_Ask,45.01,45.0,45.02,44.99,0.0,0.0,0.0,0.0,1
627,67.62921444102363,lo_deep_Ask,45.01,45.0,45.02,44.99,0.0,0.0,0.0,0.0,1
628,67.62927105571168,lo_deep_Ask,45.01,45.0,45.02,44.99,0.0,0.0,0.0,0.0,1
629,67.62930129952446,lo_deep_Ask,45.01,45.0,45.02,44.99,0.0,0.0,0.0,0.0,1
630,67.63449225935719,co_top_Bid,45.01,45.0,45.02,44.99,0.0,0.0,0.0,0.0,1
631,67.63530238571379,lo_deep_Ask,45.01,45.0,45.02,44.99,0.0,0.0,0.0,0.0,1
632,67.63537422548978,co_deep_Ask,45.01,45.0,45.02,44.99,0.0,0.0,0.0,0.0,1
633,67.63538992456135,co_deep_Ask,45.01,45.0,45.02,44.99,0.0,0.0,0.0,0.0,1
634,67.65573340242229,lo_deep_Ask,45.01,45.0,45.02,44.99,0.0,0.0,0.0,0.0,1
635,67.65590869014245,co_deep_Ask,45.01,45.0,45.02,44.99,0.0,0.0,0.0,0.0,1
636,67.65615407071022,co_deep_Ask,45.01,45.0,45.02,44.99,0.0,0.0,0.0,0.0,1
637,68.00652538055091,co_deep_Ask,45.01,45.0,45.02,44.99,0.0,0.0,0.0,0.0,1
638,69.1920071768348,co_top_Ask,45.01,45.0,45.02,44.99,0.0,0.0,0.0,0.0,1
639,70.62799702617788,co_top_Bid,45.01,45.0,45.02,44.99,0.0,0.0,0.0,0.0,1
640,70.6304972976728,co_top_Bid,45.01,45.0,45.02,44.99,0.0,0.0,0.0,0.0,1
641,70.6305103515839,mo_Bid,45.01,45.0,45.02,44.99,0.0,0.0,0.0,0.0,1
642,70.63923905991608,co_top_Bid,45.01,45.0,45.02,44.99,0.0,0.0,0.0,0.0,1
643,70.64123509829153,mo_Bid,45.01,45.0,45.02,44.99,0.0,0.0,0.0,0.0,1
644,70.64130608668663,mo_Bid,45.01,45.0,45.02,44.99,0.0,0.0,0.0,0.0,1
645,70.64629360173815,mo_Bid,45.01,45.0,45.02,44.99,0.0,0.0,0.0,0.0,1
646,70.64634506863703,co_deep_Ask,45.01,45.0,45.02,44.99,0.0,0.0,0.0,0.0,1
647,70.64646993166008,co_deep_Ask,45.01,45.0,45.02,44.99,0.0,0.0,0.0,0.0,1
648,70.64655078756765,co_top_Ask,45.01,45.0,45.02,44.99,0.0,0.0,0.0,0.0,1
649,70.64657100161949,co_top_Ask,45.02,45.0,45.03,44.99,0.0,0.010000000000005116,0.0,0.00999999999999801,1
650,70.64661893374556,co_top_Ask,45.02,45.0,45.03,44.99,0.0,0.0,0.0,0.0,1
651,70.64670445500032,co_top_Ask,45.02,45.0,45.03,44.99,0.0,0.0,0.0,0.0,1
652,70.64751809960427,mo_Bid,45.02,45.0,45.03,44.99,0.0,0.0,0.0,0.0,1
653,70.64757162359867,lo_inspread_Bid,45.02,45.01,45.03,45.0,0.00999999999999801,0.0,0.00999999999999801,0.0,1
654,70.64774414595455,mo_Bid,45.02,45.0,45.03,44.99,-0.00999999999999801,0.0,-0.00999999999999801,0.0,1
655,70.64786219441321,co_top_Ask,45.02,45.0,45.03,44.99,0.0,0.0,0.0,0.0,1
656,70.6480707708156,lo_inspread_Bid,45.02,45.01,45.03,45.0,0.00999999999999801,0.0,0.00999999999999801,0.0,1
657,70.65082398148269,lo_deep_Ask,45.02,45.01,45.03,45.0,0.0,0.0,0.0,0.0,1
658,70.65599699353032,co_top_Ask,45.02,45.01,45.03,45.0,0.0,0.0,0.0,0.0,1
659,70.65618372270039,co_top_Ask,45.02,45.01,45.03,45.0,0.0,0.0,0.0,0.0,1
660,70.65624606845171,co_top_Ask,45.02,45.01,45.03,45.0,0.0,0.0,0.0,0.0,1
661,70.66066672944086,co_top_Ask,45.02,45.01,45.03,45.0,0.0,0.0,0.0,0.0,1
662,70.66881428399986,co_top_Ask,45.02,45.01,45.03,45.0,0.0,0.0,0.0,0.0,1
663,70.66890928712323,co_top_Ask,45.03,45.01,45.04,45.0,0.0,0.00999999999999801,0.0,0.00999999999999801,1
664,70.67825023977645,co_top_Ask,45.03,45.01,45.04,45.0,0.0,0.0,0.0,0.0,1
665,70.75388147269622,lo_deep_Ask,45.03,45.01,45.04,45.0,0.0,0.0,0.0,0.0,1
666,70.75416223413254,lo_deep_Ask,45.03,45.01,45.04,45.0,0.0,0.0,0.0,0.0,1
667,70.75421193614561,lo_deep_Ask,45.03,45.01,45.04,45.0,0.0,0.0,0.0,0.0,1
668,70.75421574822836,lo_deep_Ask,45.03,45.01,45.04,45.0,0.0,0.0,0.0,0.0,1
669,70.7542381695624,lo_deep_Ask,45.03,45.01,45.04,45.0,0.0,0.0,0.0,0.0,1
670,70.75427783532325,lo_deep_Ask,45.03,45.01,45.04,45.0,0.0,0.0,0.0,0.0,1
671,70.75435055782013,lo_deep_Ask,45.03,45.01,45.04,45.0,0.0,0.0,0.0,0.0,1
672,70.75444849255948,lo_deep_Ask,45.03,45.01,45.04,45.0,0.0,0.0,0.0,0.0,1
673,70.75445607458263,co_top_Ask,45.03,45.01,45.04,45.0,0.0,0.0,0.0,0.0,1
674,70.75452861718536,co_deep_Ask,45.03,45.01,45.04,45.0,0.0,0.0,0.0,0.0,1
675,70.75457973704776,co_deep_Ask,45.03,45.01,45.04,45.0,0.0,0.0,0.0,0.0,1
676,70.75466065269005,lo_deep_Ask,45.03,45.01,45.04,45.0,0.0,0.0,0.0,0.0,1
677,70.75467839469566,co_top_Ask,45.03,45.01,45.04,45.0,0.0,0.0,0.0,0.0,1
678,70.75471809240717,co_top_Ask,45.03,45.01,45.04,45.0,0.0,0.0,0.0,0.0,1
679,70.75485228886207,co_top_Ask,45.03,45.01,45.04,45.0,0.0,0.0,0.0,0.0,1
680,71.94216977945347,lo_inspread_Ask,45.02,45.01,45.03,45.0,0.0,-0.00999999999999801,0.0,-0.00999999999999801,1
681,73.99649209649849,co_top_Bid,45.02,45.0,45.03,44.99,-0.00999999999999801,0.0,-0.00999999999999801,0.0,1
682,74.1549971886025,lo_inspread_Bid,45.02,45.01,45.03,45.0,0.00999999999999801,0.0,0.00999999999999801,0.0,1
683,76.23385855030683,mo_Ask,45.02,45.01,45.03,45.0,0.0,0.0,0.0,0.0,1
684,76.23404639330595,mo_Ask,45.03,45.01,45.04,45.0,0.0,0.00999999999999801,0.0,0.00999999999999801,1
685,76.2341153460953,mo_Ask,45.03,45.01,45.04,45.0,0.0,0.0,0.0,0.0,1
686,76.23422675252493,lo_inspread_Ask,45.02,45.01,45.03,45.0,0.0,-0.00999999999999801,0.0,-0.00999999999999801,1
687,76.23433005296762,mo_Ask,45.02,45.01,45.03,45.0,0.0,0.0,0.0,0.0,1
688,76.23436187927625,mo_Ask,45.02,45.01,45.03,45.0,0.0,0.0,0.0,0.0,1
689,76.23443896363864,mo_Ask,45.02,45.01,45.03,45.0,0.0,0.0,0.0,0.0,1
690,76.23571313790536,mo_Ask,45.02,45.01,45.03,45.0,0.0,0.0,0.0,0.0,1
691,80.42447665273673,lo_top_Ask,45.02,45.01,45.03,45.0,0.0,0.0,0.0,0.0,1
692,80.42447675273672,lo_top_Ask,45.02,45.01,45.03,45.0,0.0,0.0,0.0,0.0,1
693,80.4246354937929,lo_top_Ask,45.02,45.01,45.03,45.0,0.0,0.0,0.0,0.0,1
694,80.42511853035766,lo_top_Ask,45.02,45.01,45.03,45.0,0.0,0.0,0.0,0.0,1
695,84.99746039823744,mo_Bid,45.02,45.01,45.03,45.0,0.0,0.0,0.0,0.0,1
696,85.46913383932336,lo_deep_Bid,45.02,45.01,45.03,45.0,0.0,0.0,0.0,0.0,1
697,85.46915758689993,lo_deep_Bid,45.02,45.01,45.03,45.0,0.0,0.0,0.0,0.0,1
698,90.11777688572572,mo_Ask,45.02,45.01,45.03,45.0,0.0,0.0,0.0,0.0,1
699,90.11778880228644,mo_Ask,45.02,45.01,45.03,45.0,0.0,0.0,0.0,0.0,1
700,90.11831713449479,mo_Ask,45.02,45.01,45.03,45.0,0.0,0.0,0.0,0.0,1
701,98.63103713421555,lo_deep_Bid,45.02,45.01,45.03,45.0,0.0,0.0,0.0,0.0,1
702,98.63112106346604,lo_deep_Bid,45.02,45.01,45.03,45.0,0.0,0.0,0.0,0.0,1
703,98.63159906725238,lo_deep_Bid,45.02,45.01,45.03,45.0,0.0,0.0,0.0,0.0,1
704,98.63297533550339,lo_deep_Bid,45.02,45.01,45.03,45.0,0.0,0.0,0.0,0.0,1
705,98.6332710727455,lo_deep_Bid,45.02,45.01,45.03,45.0,0.0,0.0,0.0,0.0,1
706,98.6335847112969,lo_deep_Bid,45.02,45.01,45.03,45.0,0.0,0.0,0.0,0.0,1
707,98.63361488789603,lo_deep_Bid,45.02,45.01,45.03,45.0,0.0,0.0,0.0,0.0,1
708,98.63413756827147,lo_deep_Bid,45.02,45.01,45.03,45.0,0.0,0.0,0.0,0.0,1
709,98.6343366435416,lo_top_Bid,45.02,45.01,45.03,45.0,0.0,0.0,0.0,0.0,1
710,98.63725011609759,lo_deep_Bid,45.02,45.01,45.03,45.0,0.0,0.0,0.0,0.0,1
711,98.65876102179666,lo_deep_Bid,45.02,45.01,45.03,45.0,0.0,0.0,0.0,0.0,1
712,100.0049708972758,co_top_Bid,45.02,45.01,45.03,45.0,0.0,0.0,0.0,0.0,1
